polyname,stripped_monomer_name,Cirpy Smiles,Cirpy Names
poly(llysine),['llysine'],['None'],['None']
poly(pentapeptide),['pentapeptide'],['None'],['None']
poly(lglutamate),['lglutamate'],['None'],['None']
poly(\u03b1-amino acid),['\\u03b1-amino acid'],['None'],['None']
poly(l-glutamic acid),['l-glutamic acid'],['N[C@@H](CCC(O)=O)C(O)=O'],"[['(2S)-2-aminopentanedioic acid', '(2S)-2-aminoglutaric acid', '26717-13-5', '84960-48-5', '24938-00-9', '25513-46-6', 'L-alpha-Aminoglutaric acid', 'G5667_SIGMA', 'PDSP2_000127', 'PDSP1_001539', 'D00007', 'Gulutamine', 'Gulutamine (USP)', 'L-Glutamic acid (JAN)', 'AIDS-071819', 'G1251_SIGMA', 'Biomol-NT_000170', 'G8415_SIGMA', 'AIDS071819', '49449_FLUKA', 'nchembio.2007.55-comp22', 'W328502_ALDRICH', 'Glutamic acid polymer', 'Glutamic acid, L-, peptides', 'L-Glutamic acid, homopolymer (9CI)', 'POLYGLUTAMIC ACID', 'Poly(alpha-L-glutamic acid)', 'alpha-L-Glutamic acid polymer', 'NCGC00024502-01', 'Tocris-0218', '(S)-2-aminopentanedioic acid', 'CHEBI:16015', 'NCGC00024502-03', 'HSCI1_000269', 'L-Glutaminsaeure', 'nchembio816-comp2', 'C00025', 'L-Glutaminic acid', 'PDSP2_001523', 'PDSP1_000128', 'Acidum glutamicum', 'E 620', 'Glutamic acid, L- (7CI,8CI)', 'L-Glutamic acid (9CI)', 'LS-2330', 'alpha-Glutamic acid', 'Lopac0_000529', '09581_FLUKA', 'BPBio1_001132']]"
poly(a-amino acid),['a-amino acid'],['None'],['None']
poly(meric primary amine),['meric primary amine'],['None'],['None']
poly(styrene),['styrene'],['C=Cc1ccccc1'],"[['Ethenylbenzene', 'Vinylbenzene', '79637-11-9', '68441-35-0', '68987-41-7', '9003-53-6', '100-42-5', '12770-88-6', '00952_FLUKA', 'Ethylene, phenyl-', 'NCI-C02200', 'NSC62785', '00954_FLUKA', '450383_ALDRICH', 'Phenethylene', 'Phenylethene', 'Stirolo', '81406_FLUKA', '459356_ALDRICH', 'Styreen', '441147_ALDRICH', 'Styrene (monomer)', 'Styrene monomer, inhibited', '53397_FLUKA', '459364_ALDRICH', 'Styrene monomer, inhibited [UN2055]  [Flammable liquid]', 'Styrol [German]', 'UN2055', 'CHEBI:27452', 'Vinyl benzene', '459380_ALDRICH', 'InChI=1/C8H8/c1-2-8-6-4-3-5-7-8/h2-7H,1H', 'Vinylbenzen [Czech]', '459399_ALDRICH', '81403_FLUKA', 'Vinylbenzen [Dutch]', '81404_FLUKA', '459402_ALDRICH', '00953_FLUKA', 'Vinylbenzene, inhibited', '81407_FLUKA', 'Benzene, ethenyl-, homopolymer, hydrogenated', '459410_ALDRICH', '81408_FLUKA', '81409_FLUKA', '81410_FLUKA', 'Polystyrene, hydrogenated', '81411_FLUKA', 'AI3-24374', '81412_FLUKA', 'S4972_SIAL', '81413_FLUKA', '81414_FLUKA', '81415_FLUKA', '81416_FLUKA', 'CCRIS 564', 'Benzene, ethenyl-', 'Benzene, vinyl-', 'Bulstren K-525-19', 'Cinnamene', 'Cinnamenol', 'Cinnamol', 'Diarex hf 77', 'Ethenylbenzene', 'FEMA Number 3234', 'HSDB 171', 'NSC 62785', 'Phenylethylene, inhibited', 'Stirolo [Italian]', 'Styreen [Dutch]', 'Styren [Czech]', 'Styren', 'Styrene monomer', 'Styrol', 'Styrole', 'Styrolene', 'Styron', 'Styropol SO', 'Vinylbenzen', 'Vinylbenzene', 'Vinylbenzol', 'WLN: 1U1R', '51876_FLUKA', ""Polystrene Standard 88'000"", 'Chromosorb 102', '45993_RIEDEL', 'NCGC00091056-02', '331651_ALDRICH', '48347_SUPELCO', '379514_ALDRICH', 'NCGC00091056-01', '182427_ALDRICH', '327719_ALDRICH', '182435_ALDRICH', '53395_FLUKA', ""Polystrene Standard broad 350'000"", '81419_FLUKA', '327727_ALDRICH', '327743_ALDRICH', 'Polystyrene solution', ""Polystrene Standard broad 206'000"", '20202_SUPELCO', 'Chromosorb 102,100/120 50G', '327751_ALDRICH', '430102_ALDRICH', '327778_ALDRICH', 'POLYSTYRENE', 'W550159_ALDRICH', '327786_ALDRICH', '327794_ALDRICH', 'Annamene', 'c0115', '461733_ALDRICH', '327808_ALDRICH', '00926_FLUKA', '459372_ALDRICH', '00928_FLUKA', '03565_FLUKA', ""MALDI validation set polystyrene Mp 500-70'000 certified according to DIN"", '327816_ALDRICH', 'Benzene, ethylenated', 'EINECS 273-493-5', 'Ethylbenzene alkylate', '459461_ALDRICH', '81401_FLUKA', '327824_ALDRICH', 'Polysorb', '81402_FLUKA', '20215_SUPELCO', 'Chromosorb 101', '189596_ALDRICH', '20217_SUPELCO', 'Chromosorb 103', 'Chromosorb 103,80/100,50G', 'C07083', 'Phenylethylene', 'Styrene', 'W323306_ALDRICH', 'Chromosorb 106', '40257U_SUPELCO', 'Styrene solution', '20225_SUPELCO', 'Chromosorb 106, 60/80 MESH, 50GM', '00945_FLUKA', '00946_FLUKA', '81417_FLUKA', '00947_FLUKA', '81418_FLUKA', '00948_FLUKA', '00949_FLUKA', '330345_ALDRICH', '00951_FLUKA', 'Polystyrene high Mol. Wt.', 'Polystyrene med Mol. Wt.', '330353_ALDRICH', 'EINECS 202-851-5', 'FEMA No. 3233', '47745U_SUPELCO']]"
poly(unsaturated cycloolefine),['unsaturated cycloolefine'],['None'],['None']
poly(butadiene),['butadiene'],['C=CC=C'],"[['Buta-1,3-diene', '130983-70-9', '68441-48-5', '68514-37-4', '25339-57-5', '106-99-0', '1,4-Polybutadiene', '81254_FLUKA', 'EINECS 271-039-0', 'InChI=1/C4H6/c1-3-4-2/h3-4H,1-2H', '1,3-Butadiene polymer, carboxy-terminated', '1,3-Butadiene polymer, carboxyl-terminated', '466867_ALDRICH', 'Polybutadiene, predominantly 1,2-addition', 'Polybutadiene, carboxy-terminated', '81256_FLUKA', '434779_ALDRICH', '81257_FLUKA', '434787_ALDRICH', 'Buta-1,3-dien', 'CH2=CH-CH=CH2', 'CHEBI:39478', '81258_FLUKA', '418919_ALDRICH', 'Polybutadiene, dicarboxy terminated', '295035_ALDRICH', '383694_ALDRICH', '1,3-BUTADIENE', 'Biethylene', 'Bivinyl', 'Buta-1,3-dieen [Dutch]', 'Buta-1,3-dien [German]', 'Buta-1,3-diene', 'C16450', 'Butadien [Polish]', 'Butadiene', 'Butadiene monomer', 'Butadiene-1,3-uninhibited', 'CCRIS 99', 'Divinyl', 'EINECS 203-450-8', 'Erythrene', 'HSDB 181', 'NCI-C50602', 'UN 1010', 'Vinylethylene', 'alpha,gamma-Butadiene', '81262_FLUKA', '81263_FLUKA', 'Hydrocarbons, C4-5 unsatd.', 'Butadieen [Dutch]', '200433_ALDRICH', 'Polybutadiene, phenyl terminated', '181374_ALDRICH', 'Polybutadiene, cis', '200484_ALDRICH', '434310_ALDRICH', '81266_FLUKA', '81264_FLUKA', '181382_ALDRICH', 'Polybutadiene, surface-modified', '81267_FLUKA', '81261_FLUKA', 'Carboxy-terminated polybutadiene', 'Hydrocarbons, C4-5-unsatd.', '1,3-Butadiene, homopolymer, carboxy-terminated', '81265_FLUKA', '1,3-Butadien', '.alpha.,.gamma.-Butadiene', '81259_FLUKA']]"
poly(isobutylene-co-diene),"['isobutylene', 'diene']","['CC(C)=C', 'None']","[['2-methylprop-1-ene', 'ISOBUTYLENE', '68037-14-9', '9003-27-4', '115-11-7', '81574_FLUKA', '81576_FLUKA', '81577_FLUKA', '181455_ALDRICH', 'ISOBUTYLENE', '81581_FLUKA', '81583_FLUKA', '181463_ALDRICH', '181498_ALDRICH', 'UN1055', 'Isobutene trimer', '295469_ALDRICH', '81579_FLUKA', '1-Propene, 2-methyl-, homopolymer, chlorinated', 'Polyisobutylene, chlorinated', 'Propene, 2-methyl-, tetramer', '1,1-Dimethylethene', '1,1-Dimethylethylene', '1-Propene, 2-methyl-', '2-Methyl-1-propene', '2-Methylpropene', '2-Methylpropylene', 'CCRIS 2281', 'EINECS 204-066-3', 'HSDB 613', 'POLYISOBUTYLENE', 'Isobutene', 'Isobutylene see also Petroleum gases, liquefied [UN1055]  [Flammable gas]', 'Isopropylidenemethylene', 'Methylpropene', 'Propene, 2-methyl-', '2-methylprop-1-ene', 'gamma-Butylene', 'sym-Dimethylethylene', '81565_FLUKA', 'Poly(isobutylene)', '81567_FLUKA', 'ONE HALF OF PARA-XYLENE', '81568_FLUKA', '81569_FLUKA', 'InChI=1/C4H8/c1-4(2)3/h1H2,2-3H', 'isobutylene, various grades', 'unsym. dimethylethylene', '81571_FLUKA'], 'None']"
poly(methacrylate-co-butadiene),"['methacrylate', 'butadiene']","['CC(=C)C([O-])=O', 'C=CC=C']","[['2-methylprop-2-enoate', 'methacrylate', '18358-13-9', '2-Methyl-2-propenoate', '2-Propenoic acid, 2-methyl-, ion(1-)', '2-methylprop-2-enoate', 'methacrylate', 'ZINC01683524', '2-methyl-2-propenoic acid, ion(1-)', 'CHEBI:25218', '2-Methylene propionic acid', 'c0520'], ['Buta-1,3-diene', '130983-70-9', '68441-48-5', '68514-37-4', '25339-57-5', '106-99-0', '1,4-Polybutadiene', '81254_FLUKA', 'EINECS 271-039-0', 'InChI=1/C4H6/c1-3-4-2/h3-4H,1-2H', '1,3-Butadiene polymer, carboxy-terminated', '1,3-Butadiene polymer, carboxyl-terminated', '466867_ALDRICH', 'Polybutadiene, predominantly 1,2-addition', 'Polybutadiene, carboxy-terminated', '81256_FLUKA', '434779_ALDRICH', '81257_FLUKA', '434787_ALDRICH', 'Buta-1,3-dien', 'CH2=CH-CH=CH2', 'CHEBI:39478', '81258_FLUKA', '418919_ALDRICH', 'Polybutadiene, dicarboxy terminated', '295035_ALDRICH', '383694_ALDRICH', '1,3-BUTADIENE', 'Biethylene', 'Bivinyl', 'Buta-1,3-dieen [Dutch]', 'Buta-1,3-dien [German]', 'Buta-1,3-diene', 'C16450', 'Butadien [Polish]', 'Butadiene', 'Butadiene monomer', 'Butadiene-1,3-uninhibited', 'CCRIS 99', 'Divinyl', 'EINECS 203-450-8', 'Erythrene', 'HSDB 181', 'NCI-C50602', 'UN 1010', 'Vinylethylene', 'alpha,gamma-Butadiene', '81262_FLUKA', '81263_FLUKA', 'Hydrocarbons, C4-5 unsatd.', 'Butadieen [Dutch]', '200433_ALDRICH', 'Polybutadiene, phenyl terminated', '181374_ALDRICH', 'Polybutadiene, cis', '200484_ALDRICH', '434310_ALDRICH', '81266_FLUKA', '81264_FLUKA', '181382_ALDRICH', 'Polybutadiene, surface-modified', '81267_FLUKA', '81261_FLUKA', 'Carboxy-terminated polybutadiene', 'Hydrocarbons, C4-5-unsatd.', '1,3-Butadiene, homopolymer, carboxy-terminated', '81265_FLUKA', '1,3-Butadien', '.alpha.,.gamma.-Butadiene', '81259_FLUKA']]"
poly(butyl methacrylate-co-butadiene),"['butyl methacrylate', 'butadiene']","['CCCCOC(=O)C(C)=C', 'C=CC=C']","[['butyl 2-methylprop-2-enoate', '2-methylprop-2-enoic acid butyl ester', '2-methylacrylic acid butyl ester', '102135-84-2', '9011-15-8', '53801-42-6', '62169-30-6', '66828-11-3', '97-88-1', '55126-77-7', '106152-15-2', '122526-41-4', '180254-70-0', '37226-35-0', '51568-49-1', '159172-35-7', '55922-77-5', '9003-63-8', '79331-93-4', '81456_FLUKA', '2-PROPENOIC ACID, 2-METHYL-, BUTYL ESTER, HOMOPOLYMER', '81473_FLUKA', '81457_FLUKA', '2-Methyl-butylacrylaat', '2-Methyl-butylacrylat', '2-Methyl-butylacrylate', '2-Methylacrylic acid, butyl ester', '2-Propenoic acid, 2-methyl-, butyl ester', 'Butil metacrilato', 'Butyl 2-methacrylate', 'Butyl 2-methyl-2-propenoate', 'Butyl methacrylate', 'Butylmethacrylaat', 'Methacrylate de butyle', 'Methacrylic acid, butyl ester', '2-Methyl-butylacrylaat [Dutch]', '2-Methyl-butylacrylat [German]', 'WLN: 4OVY1 & U1', 'n-Butyl methacrylate', 'BRN 0773960', 'Butil metacrilato [Italian]', 'Butyl methacrylate monomer', 'Butylester kyseliny methakrylove [Czech]', 'Butylmethacrylaat [Dutch]', 'Butylmethacrylate', 'CCRIS 4760', 'EINECS 202-615-1', 'HSDB 289', 'Methacrylate de butyle [French]', 'Methacrylsaeurebutylester [German]', 'NSC 20956', 'UN2227', 'n-Butyl methacrylate, inhibited [UN2227]  [Flammable liquid]', 'InChI=1/C8H14O2/c1-4-5-6-10-8(9)7(2)3/h2,4-6H2,1,3H', 'Poly(butyl methacrylate)', 'Methacrylsaeurebutylester', '81464_FLUKA', '81459_FLUKA', 'NSC20956', 'ZINC01577269', 'Butyl 2-methyl-2-propenoate, homopolymer', '4-02-00-01525 (Beilstein Handbook Reference)', '64110_FLUKA', 'AI3-25420', '181528_ALDRICH', 'Methacrylic acid, butyl ester homopolymer', '181536_ALDRICH', 'Methacrylic acid, butyl ester, polymers', 'Butyl methacrylate homopolymer', 'butyl 2-methylacrylate', 'Poly(n-butyl methacrylate)', '2-Methylpropyl 2-methyl-2-propenoate homopolymer', '2-Propenoic acid, 2-methyl-, 2-methylpropyl ester, homopolymer', 'Isobutyl methacrylate homopolymer', '81471_FLUKA', 'Polybutyl methacrylate', 'n-Butyl methacrylate, polymerized', '235865_ALDRICH', '81474_FLUKA', '81475_FLUKA', '81458_FLUKA'], ['Buta-1,3-diene', '130983-70-9', '68441-48-5', '68514-37-4', '25339-57-5', '106-99-0', '1,4-Polybutadiene', '81254_FLUKA', 'EINECS 271-039-0', 'InChI=1/C4H6/c1-3-4-2/h3-4H,1-2H', '1,3-Butadiene polymer, carboxy-terminated', '1,3-Butadiene polymer, carboxyl-terminated', '466867_ALDRICH', 'Polybutadiene, predominantly 1,2-addition', 'Polybutadiene, carboxy-terminated', '81256_FLUKA', '434779_ALDRICH', '81257_FLUKA', '434787_ALDRICH', 'Buta-1,3-dien', 'CH2=CH-CH=CH2', 'CHEBI:39478', '81258_FLUKA', '418919_ALDRICH', 'Polybutadiene, dicarboxy terminated', '295035_ALDRICH', '383694_ALDRICH', '1,3-BUTADIENE', 'Biethylene', 'Bivinyl', 'Buta-1,3-dieen [Dutch]', 'Buta-1,3-dien [German]', 'Buta-1,3-diene', 'C16450', 'Butadien [Polish]', 'Butadiene', 'Butadiene monomer', 'Butadiene-1,3-uninhibited', 'CCRIS 99', 'Divinyl', 'EINECS 203-450-8', 'Erythrene', 'HSDB 181', 'NCI-C50602', 'UN 1010', 'Vinylethylene', 'alpha,gamma-Butadiene', '81262_FLUKA', '81263_FLUKA', 'Hydrocarbons, C4-5 unsatd.', 'Butadieen [Dutch]', '200433_ALDRICH', 'Polybutadiene, phenyl terminated', '181374_ALDRICH', 'Polybutadiene, cis', '200484_ALDRICH', '434310_ALDRICH', '81266_FLUKA', '81264_FLUKA', '181382_ALDRICH', 'Polybutadiene, surface-modified', '81267_FLUKA', '81261_FLUKA', 'Carboxy-terminated polybutadiene', 'Hydrocarbons, C4-5-unsatd.', '1,3-Butadiene, homopolymer, carboxy-terminated', '81265_FLUKA', '1,3-Butadien', '.alpha.,.gamma.-Butadiene', '81259_FLUKA']]"
poly(butyl methacrylate),['butyl methacrylate'],['CCCCOC(=O)C(C)=C'],"[['butyl 2-methylprop-2-enoate', '2-methylprop-2-enoic acid butyl ester', '2-methylacrylic acid butyl ester', '102135-84-2', '9011-15-8', '53801-42-6', '62169-30-6', '66828-11-3', '97-88-1', '55126-77-7', '106152-15-2', '122526-41-4', '180254-70-0', '37226-35-0', '51568-49-1', '159172-35-7', '55922-77-5', '9003-63-8', '79331-93-4', '81456_FLUKA', '2-PROPENOIC ACID, 2-METHYL-, BUTYL ESTER, HOMOPOLYMER', '81473_FLUKA', '81457_FLUKA', '2-Methyl-butylacrylaat', '2-Methyl-butylacrylat', '2-Methyl-butylacrylate', '2-Methylacrylic acid, butyl ester', '2-Propenoic acid, 2-methyl-, butyl ester', 'Butil metacrilato', 'Butyl 2-methacrylate', 'Butyl 2-methyl-2-propenoate', 'Butyl methacrylate', 'Butylmethacrylaat', 'Methacrylate de butyle', 'Methacrylic acid, butyl ester', '2-Methyl-butylacrylaat [Dutch]', '2-Methyl-butylacrylat [German]', 'WLN: 4OVY1 & U1', 'n-Butyl methacrylate', 'BRN 0773960', 'Butil metacrilato [Italian]', 'Butyl methacrylate monomer', 'Butylester kyseliny methakrylove [Czech]', 'Butylmethacrylaat [Dutch]', 'Butylmethacrylate', 'CCRIS 4760', 'EINECS 202-615-1', 'HSDB 289', 'Methacrylate de butyle [French]', 'Methacrylsaeurebutylester [German]', 'NSC 20956', 'UN2227', 'n-Butyl methacrylate, inhibited [UN2227]  [Flammable liquid]', 'InChI=1/C8H14O2/c1-4-5-6-10-8(9)7(2)3/h2,4-6H2,1,3H', 'Poly(butyl methacrylate)', 'Methacrylsaeurebutylester', '81464_FLUKA', '81459_FLUKA', 'NSC20956', 'ZINC01577269', 'Butyl 2-methyl-2-propenoate, homopolymer', '4-02-00-01525 (Beilstein Handbook Reference)', '64110_FLUKA', 'AI3-25420', '181528_ALDRICH', 'Methacrylic acid, butyl ester homopolymer', '181536_ALDRICH', 'Methacrylic acid, butyl ester, polymers', 'Butyl methacrylate homopolymer', 'butyl 2-methylacrylate', 'Poly(n-butyl methacrylate)', '2-Methylpropyl 2-methyl-2-propenoate homopolymer', '2-Propenoic acid, 2-methyl-, 2-methylpropyl ester, homopolymer', 'Isobutyl methacrylate homopolymer', '81471_FLUKA', 'Polybutyl methacrylate', 'n-Butyl methacrylate, polymerized', '235865_ALDRICH', '81474_FLUKA', '81475_FLUKA', '81458_FLUKA']]"
poly( 4000),[' 4000'],['None'],['None']
poly(l-glutamate),['l-glutamate'],['N[C@@H](CCC([O-])=O)C([O-])=O'],"[['(2S)-2-aminopentanedioate', '(2S)-2-aminoglutarate', '(S)-2-Aminopentanedioic acid dianion', 'nchembio.78-comp2', '(2S)-2-aminopentanedioate', 'CHEBI:29988', 'L-glutamate(2-)', 'L-glutamic acid dianion']]"
poly(ether),['ether'],['CCOCC'],"[['Ethoxyethane', '60-29-7', '74446-43-8', '7578-39-4', '69227-20-9', '70131-58-7', '68991-48-0', '71011-10-4', '69013-19-0', '443549_SIAL', '31700_FLUKA', 'CHEBI:35702', 'Amines, C20-22-alkyl, ethoxylated', '(C20-C22)Alkylamine diethoxylate', 'Alcohols, C8-22, ethoxylated', ""Oxyde d'ethyle"", '31690_FLUKA', 'Alcohols, C14-26, ethoxylated', '34942_RIEDEL', 'Ethylether', 'Dwuetylowy eter', 'Etere etilico', 'Ether ethylique', 'NSC100036', '346144_ALDRICH', 'WLN: 2O2', '676837_SIAL', 'Diethylaether', '673811_ALDRICH', 'aether pro narcosi', '676845_ALDRICH', '644528_ALDRICH', ""1,1'-Oxybisethane"", '3-Oxapentane', 'AI3-24233', 'Aether', 'Anaesthetic ether', 'Anesthesia ether', 'Anesthetic ether', 'DIETHYL ETHER', 'Diaethylaether [German]', 'Diethyl ether [Anaesthetics, volatile]', 'Diethyl ether or ethyl ether [UN1155]  [Flammable liquid]', 'Diethyl oxide', 'Dwuetylowy eter [Polish]', 'EINECS 200-467-2', 'Etere etilico [Italian]', ""Ethane, 1,1'-oxybis-"", 'Ether', 'Ether [JAN]', 'Ether ethylique [French]', 'Ether, ethyl', 'Ethoxyethane', 'Ethyl ether', 'Ethyl ether (8CI)', 'Ethyl ether, tech.', 'Ethyl oxide', 'HSDB 70', 'NSC 100036', ""Oxyde d'ethyle [French]"", 'Pronarcol', 'RCRA waste no. U117', 'RCRA waste number U117', 'Solvent ether', 'UN1155', 'Alcohols, C7-21, ethoxylated', '(C16-C22) Alkyl alcohol, ethoxylate', 'Alcohols, C16-22, ethoxylated', 'C16-22 Alkyl alcohol ethoxylate', '472484_SIAL', 'C13240', '31671_FLUKA', '91238_FLUKA', '32203_RIEDEL', '24004_RIEDEL', '31680_FLUKA', 'D01772', 'Ether (JP15/USP)', 'Linear (C8-C22) alkyl alcohol, ethoxylated', '309958_ALDRICH', '31683_FLUKA', '309966_ALDRICH', 'ZINC01657408', 'Diaethylaether', ""1,1'-oxydiethane"", '296082_ALDRICH', '(C14-C26) Alkyl alcohol ethoxylate', 'InChI=1/C4H10O/c1-3-5-4-2/h3-4H2,1-2H', '31685_FLUKA']]"
poly(phenylene),['phenylene'],['None'],['None']
poly(ester),['ester'],['None'],['None']
poly( pin-mamnii),[' pin-mamnii'],['None'],['None']
poly(cytidylic acid sodium),['cytidylic acid sodium'],['None'],['None']
poly(uridylic acid),['uridylic acid'],['O[C@H]1[C@@H](O)[C@@H](O[C@@H]1CO[P](O)(O)=O)N2C=CC(=O)NC2=O'],"[['[(2R,3S,4R,5R)-5-(2,4-dioxopyrimidin-1-yl)-3,4-dihydroxyoxolan-2-yl]methyl dihydrogen phosphate', '[(2R,3S,4R,5R)-5-(2,4-dioxopyrimidin-1-yl)-3,4-dihydroxy-tetrahydrofuran-2-yl]methyl dihydrogen phosphate', '[(2R,3S,4R,5R)-5-(2,4-dioxo-1-pyrimidinyl)-3,4-dihydroxy-2-tetrahydrofuranyl]methyl dihydrogen phosphate', '[(2R,3S,4R,5R)-5-(2,4-diketopyrimidin-1-yl)-3,4-dihydroxy-tetrahydrofuran-2-yl]methyl dihydrogen phosphate', '[(2R,3S,4R,5R)-5-(2,4-dioxopyrimidin-1-yl)-3,4-dihydroxy-oxolan-2-yl]methyl dihydrogen phosphate', '27416-86-0', '81795-93-9', '25618-56-8', '53624-79-6', '81795-92-8', 'Uridine phosphate', ""5'-Uridylic acid, homopolymer"", 'POLY U', 'Polyuridylic acid', 'Polyuridylic acids', 'Uracil polynucleotides', 'U25', ""5'Uridylic acid"", 'C00105', ""Uridine 5'-monophosphate"", 'Uridine monophosphate', 'Uridylic acid', 'U5P', '2,4(1H,3H)-pyrimidinedione, 1-(5-O-phosphono-beta-D-ribofuranosyl)-', ""U 5'-P"", 'Uridine, mono(dihydrogen phosphate) (ester)', 'Uridylic acid (6CI)', 'NCGC00163325-01', 'CHEBI:16695', 'AIDS-221902', 'AIDS221902', ""5'-URIDYLIC ACID"", '5-24-06-00173 (Beilstein Handbook Reference)', 'BRN 0047486', 'EINECS 200-408-0', 'UMP (nucleic acid)', ""Uridine 5'-(dihydrogen phosphate)"", ""Uridine 5'-phosphate"", ""Uridine 5'-phosphoric acid""]]"
poly(inosinic acid [6]),['inosinic acid [6]'],['None'],['None']
poly(ccuii),['ccuii'],['None'],['None']
poly(cytidylic acid e.),['cytidylic acid e.'],['None'],['None']
poly(c-h),['c-h'],['None'],['None']
poly(meric keto ester),['meric keto ester'],['None'],['None']
poly(meric oximes 4 or thioketal),['meric oximes 4 or thioketal'],['None'],['None']
poly(meric alcohol 8  scheme 4),['meric alcohol 8  scheme 4'],['None'],['None']
poly(meric esters 7 the tosylhydrazone),['meric esters 7 the tosylhydrazone'],['None'],['None']
poly(meric alcohols 8 a),['meric alcohols 8 a'],['None'],['None']
poly(mer 2),['mer 2'],['None'],['None']
poly(styrene-divinylbenzene),['styrene-divinylbenzene'],['C=Cc1ccccc1.C=Cc2ccccc2C=C'],"[['1,2-di(ethenyl)benzene; styrene', '1,2-divinylbenzene; styrene', '1,2-di(ethenyl)benzene; ethenylbenzene', '87924-01-4', 'Benzene, diethenyl-, polymer with ethenylbenzene, brominated']]"
poly(meric carboxylic acid),['meric carboxylic acid'],['None'],['None']
poly(thioetheramidoacid),['thioetheramidoacid'],['None'],['None']
poly(thioether-amido-acid),['thioether-amido-acid'],['None'],['None']
poly(maleic anhydride),['maleic anhydride'],['O=C1OC(=O)C=C1'],"[['furan-2,5-dione', 'furan-2,5-quinone', '184288-31-1', '108-31-6', '224641-13-8', '224641-15-0', '224641-16-1', '24937-72-2', 'M188_ALDRICH', 'Polymaleic anhydride', 'AIDS-189660', 'AIDS189660', 'Maleic anhydride treated non-fat dry milk powder', 'NSC137651', 'NSC137652', '2,5-Furandione', 'Dihydro-2,5-dioxofuran', 'Maleic acid anhydride', 'EINECS 203-571-6', 'furan-2,5-dione', 'Maleic acid anhydride homopolymer', 'Maleic anhydride oligomer', 'Maleic anhydride polymer', 'Maleic anhydride polymer, phenyl-terminated', 'HSDB 183', 'Maleic anhydride, homopolymer, diphenyl terminated', 'Maleic anhydride, polymers', 'Poly(maleic acid anhydride)', 'Poly(maleic anhydride)', 'Maleic anhydride, homopolymer', 'Toxilic anhydride', 'cis-Butenedioic anhydride', 'AIDS-189609', 'AIDS189609', 'Maleic anhydride treated BSA', 'Maleic anhydride treated bovine serum albumin', 'InChI=1/C4H2O3/c5-3-1-2-4(6)7-3/h1-2', 'M625_ALDRICH', '2,5-Furandione, homopolymer', 'Maleimide-Related Compound 11', '5-17-11-00055 (Beilstein Handbook Reference)', 'AI3-24283', 'Anhydrid kyseliny maleinove [Czech]', 'BRN 0106909', 'CCRIS 2941', 'Maleic anhydride', 'NSC9568', 'Maleic anhydride [UN2215]  [Corrosive]', 'Maleinanhydrid [Czech]', 'NSC 137651', 'RCRA waste no. U147', 'RCRA waste number U147', 'UN2215', 'NSC137653']]"
poly(methylmethacrylate),['methylmethacrylate'],['COC(=O)C(C)=C'],"[['methyl 2-methylprop-2-enoate', '2-methylprop-2-enoic acid methyl ester', '2-methylacrylic acid methyl ester', '9065-11-6', '80-62-6', '162221-54-7', '220713-32-6', '64200_FLUKA', 'M55909_ALDRICH', 'NCGC00091089-01', 'InChI=1/C5H8O2/c1-4(2)5(6)7-3/h1H2,2-3H', 'PROPENOIC ACID,2-METHYL,METHYLESTER  (METHACRYLATE METHYLESTER)', 'methyl 2-methylacrylate', 'C14527', '2-(Methoxycarbonyl)-1-propene', '2-Methyl-2-propenoic acid methyl ester', '4-02-00-01519 (Beilstein Handbook Reference)', 'AI3-24946', 'Acryester M', 'Acrylic acid, 2-methyl-, methyl ester', 'BRN 0605459', 'CCRIS 1364', 'EINECS 201-297-1', 'HSDB 195', 'Metakrylan metylu [Polish]', 'Methacrylate de methyle [French]', 'Methacrylsaeuremethyl ester [German]', 'Methyl methacrylate monomer', 'Methyl methacrylate monomer, inhibited [UN1247]  [Flammable liquid]', 'Methyl-methacrylat [German]', 'Methylester kyseliny methakrylove [Czech]', 'Methylmethacrylaat [Dutch]', 'Methylmethacrylate', 'Metil metacrilato [Italian]', 'NSC 4769', 'RCRA waste no. U162', 'RCRA waste number U162', 'TEB 3K', 'UN1247', '2-Methylacrylic acid, methyl ester', '2-Propenoic acid, 2-methyl-, methyl ester', 'Diakon', 'MME', 'Metakrylan metylu', 'Methacrylate de methyle', 'Methacrylic acid methyl ester', 'Methacrylic acid, methyl ester', 'Methacrylsaeuremethyl ester', 'Methyl .alpha.-methylacrylate', 'Methyl 2-methyl-2-propenoate', 'Methyl 2-methylpropenoate', 'Methyl methacrylate', 'Methyl methacrylate monomer, inhibited', 'Methyl methylacrylate', 'Methyl-methacrylat', 'Methylmethacrylaat', 'Metil metacrilato', 'NCI-C50680', 'NSC4769', 'Pegalan', 'WLN: 1UY1&VO1', 'monocite"" Methacrylate monomer', 'ZINC01680392', 'Eudragit', 'W400201_ALDRICH']]"
poly(ethyleneglycoldimethacrylate-hydroxyethylmethacrylate),['ethyleneglycoldimethacrylate-hydroxyethylmethacrylate'],['None'],['None']
poly(egdmahema),['egdmahema'],['None'],['None']
poly(egdma-hema),['egdma-hema'],['None'],['None']
poly(  spiropyran-l-glutamate),['  spiropyran-l-glutamate'],['None'],['None']
poly(amino acid),['amino acid'],['None'],['None']
poly(l-lysine),['l-lysine'],['NCCCC[C@H](N)C(O)=O'],"[['(2S)-2,6-diaminohexanoic acid', '26714-32-9', '25104-18-1', '6899-06-5', '280114-50-3', '48050-57-3', '12798-06-0', '20166-34-1', 'L-Lysine, labeled with tritium', '(S)-2,6-diaminohexanoic acid', 'L9037_SIGMA', 'L5501_SIGMA', 'D02304', 'CHEBI:18019', 'L-Lysin', 'C00047', 'Polylysine', 'Lysine (USAN)', '(S)-2,6-Diaminocaproic acid', '62840_FLUKA', '(S)-Lysine', '(S)-alpha,epsilon-Diaminocaproic acid', '2,6-Diaminohexanoic acid, (S)-', '4-04-00-02717 (Beilstein Handbook Reference)', 'AI3-26523', 'Aminutrin', 'BRN 1722531', 'EINECS 200-294-2', 'HSDB 2108', 'Hexanoic acid, 2,6-diamino-, (S)-', 'Lysine homopolymer, L-', 'L-Norleucine, 6-amino-', 'LYS (IUPAC abbreviation)', 'Lisina [Spanish]', 'Lysine [USAN:INN]', 'Lysine, L-', 'Lysinum [Latin]', 'alpha-Lysine', 'h-Lys-oh', 'L-103', 'L-Lysine, homopolymer', 'Gidrolizin', 'Hydrolysin', 'W384704_ALDRICH', 'Hydrolysine', '(2S)-2,6-Diamino-hexanoic acid', 'nchembio861-comp2', '3H-Lysine']]"
poly(butyl methacrylate-cobutadiene),['butyl methacrylate-cobutadiene'],['None'],['None']
poly(ester ab2),['ester ab2'],['None'],['None']
poly(c-cu11),['c-cu11'],['None'],['None']
poly(c-cuii),['c-cuii'],['None'],['None']
poly(cytidylic acid),['cytidylic acid'],['NC1=NC(=O)N(C=C1)C2OC(CO[P](O)(O)=O)C(O)C2O'],"[['[5-(4-amino-2-oxopyrimidin-1-yl)-3,4-dihydroxyoxolan-2-yl]methyl dihydrogen phosphate', '[5-(4-amino-2-oxo-pyrimidin-1-yl)-3,4-dihydroxy-tetrahydrofuran-2-yl]methyl dihydrogen phosphate', '[5-(4-amino-2-oxo-1-pyrimidinyl)-3,4-dihydroxy-2-tetrahydrofuranyl]methyl dihydrogen phosphate', '[5-(4-amino-2-keto-pyrimidin-1-yl)-3,4-dihydroxy-tetrahydrofuran-2-yl]methyl dihydrogen phosphate', '[5-(4-amino-2-oxo-pyrimidin-1-yl)-3,4-dihydroxy-oxolan-2-yl]methyl dihydrogen phosphate', '63-37-6', '2(1H)-Pyrimidinone, 4-amino-1-(5-O-phosphono-.beta.-D-arabinofuranosyl)-', 'SBB009925', ""1-.beta.-D-Arabinofuranosylcytosine 5'-phosphate"", ""cytidine-5'-phosphate"", 'cytidine-P', 'cytidine-monophosphate', 'cytidine-phosphate', 'cytidylate', 'cytidylic acid', '[(2R,3S,4S,5R)-5-(4-amino-2-oxopyrimidin-1-yl)-3,4-dihydroxyoxolan-2-yl]methyl dihydrogen phosphate', ""5'-Cytidylic acid, homopolymer"", 'NSC99445', 'NSC120953', ""Cytosine, 1-.beta.-D-arabinofuranosyl-, 5'-(dihydrogen phosphate)"", 'NCI60_042226', ""5'-Cytidylic acid, polymers"", '[(2R,3S,4R,5R)-5-(4-amino-2-oxopyrimidin-1-yl)-3,4-dihydroxyoxolan-2-yl]methyl dihydrogen phosphate']]"
poly(egdma-hema alkali blue 613),['egdma-hema alkali blue 613'],['None'],['None']
poly(vinylalcohol),['vinylalcohol'],['OC=C'],"[['Ethenol', '557-75-5', '9002-89-5', 'alkenols', 'enol', 'enols', 'Hydroxyethylene', 'Alcotex 17F-H', 'EINECS 209-183-3', 'Ethenol', 'Hydroxyethene', 'Polyvinyl alcohol', 'VINYL ALCOHOL', 'CH2=CHOH', 'CHEBI:33823']]"
